{
 "a": {
  "n": 28,
  "triples_checked": 3276,
  "value": "0.005230372727052720798396091497",
  "value_fraction": "5230372727052720798396091497/1000000000000000000000000000000",
  "min_triple": [
   7,
   14,
   25
  ],
  "num_min_ties": 51,
  "feasible": true,
  "violations": [],
  "hull_vertex_count": null
 },
 "b": {
  "n": 28,
  "triples_checked": 3276,
  "value": "0.00523037272705272079839609149700",
  "value_fraction": "5230372727052720798396091497/1000000000000000000000000000000",
  "min_triple": [
   7,
   14,
   25
  ],
  "num_min_ties": 51,
  "feasible": true,
  "violations": [],
  "hull_vertex_count": null
 }
}