{
 "a": {
  "n": 26,
  "triples_checked": 2600,
  "value": "0.006225561297971290071908758024",
  "value_fraction": "778195162246411258988594753/125000000000000000000000000000",
  "min_triple": [
   3,
   15,
   25
  ],
  "num_min_ties": 44,
  "feasible": true,
  "violations": [],
  "hull_vertex_count": null
 },
 "b": {
  "n": 26,
  "triples_checked": 2600,
  "value": "0.00622556129797129007190875802400",
  "value_fraction": "778195162246411258988594753/125000000000000000000000000000",
  "min_triple": [
   3,
   15,
   25
  ],
  "num_min_ties": 44,
  "feasible": true,
  "violations": [],
  "hull_vertex_count": null
 }
}