{
 "a": {
  "n": 22,
  "triples_checked": 1540,
  "value": "0.0088625447699164221962738796525",
  "value_fraction": "3545017907966568878509551861/400000000000000000000000000000",
  "min_triple": [
   4,
   17,
   18
  ],
  "num_min_ties": 38,
  "feasible": true,
  "violations": [],
  "hull_vertex_count": null
 },
 "b": {
  "n": 22,
  "triples_checked": 1540,
  "value": "0.00886254476991642219627387965250",
  "value_fraction": "3545017907966568878509551861/400000000000000000000000000000",
  "min_triple": [
   4,
   17,
   18
  ],
  "num_min_ties": 38,
  "feasible": true,
  "violations": [],
  "hull_vertex_count": null
 }
}